{
    "epochs": [
        0,
        5,
        10,
        15,
        20,
        25,
        30,
        35,
        40,
        45,
        50,
        55,
        60,
        65,
        70,
        75,
        80,
        85,
        90,
        95,
        100,
        105,
        110,
        115,
        120,
        125,
        130,
        135,
        140,
        145,
        150,
        155,
        160,
        165,
        170,
        175,
        180,
        185,
        190,
        195,
        200,
        205,
        210,
        215,
        220,
        225,
        230,
        235,
        240
    ],
    "loss": [
        1.451100317896386,
        0.9246534135885563,
        0.7637893299395089,
        0.6617861839104784,
        0.6223664499547463,
        0.5773753459301743,
        0.53855146384332,
        0.5109723929119735,
        0.4719699199479672,
        0.43766493947660784,
        0.42561908537425813,
        0.4003554278356448,
        0.3672699984434294,
        0.3492335278445771,
        0.32605710574407093,
        0.33406980987096146,
        0.30398509316976186,
        0.28939182515846246,
        0.30021214133585866,
        0.26957905596330195,
        0.2512236253977953,
        0.2508317924304111,
        0.2408311529245723,
        0.23597909435552616,
        0.23409354861388817,
        0.21849181293539097,
        0.24110216883611169,
        0.20972878233464462,
        0.21075030555533103,
        0.2058859829928114,
        0.2002581045134376,
        0.19284742953429823,
        0.1934978571278533,
        0.18542617534708788,
        0.18176344123228808,
        0.1792635472086375,
        0.17494957967103683,
        0.17532478220798572,
        0.1756441335073439,
        0.17834077581362648,
        0.16276932490379467,
        0.16706808553323194,
        0.1670684034740147,
        0.1641843690685684,
        0.15755518675571992,
        0.15532158383570216,
        0.1524751433722435,
        0.14886468798767877,
        0.1550354930230033
    ],
    "train loss": [
        2.0981657074175257,
        1.2550460736251916,
        1.06480862441692,
        1.0063171223409075,
        0.9851064295352445,
        0.957422930864667,
        0.912779983250673,
        0.8886226801135155,
        0.8330964603870582,
        0.8047523337642399,
        0.7572165096938439,
        0.7296961083894805,
        0.7199582387951066,
        0.7002276583632242,
        0.6876424133431418,
        0.6719982967072865,
        0.6570383857241024,
        0.6766913973416724,
        0.6407737640980962,
        0.6322759968780164,
        0.6250154175012076,
        0.6165662644586255,
        0.6003037862796502,
        0.5948367422368024,
        0.5905671864412998,
        0.5805408956175144,
        0.5651225339680558,
        0.5553084352393327,
        0.5536716564873394,
        0.5386075317682878,
        0.5398056770274202,
        0.5224640433828923,
        0.5219390546737849,
        0.5132306307458547,
        0.5007330205643944,
        0.49810463598605326,
        0.48411531103110766,
        0.4791993490751398,
        0.47080161278536026,
        0.46653289651863533,
        0.4560945499734622,
        0.4563709003123352,
        0.45011665114641275,
        0.4374957139768242,
        0.4321533874502769,
        0.4209166762870437,
        0.4141261743104871,
        0.4143289135548615,
        0.4164743433553315,
        0.41018391354768907,
        0.3964833859353837,
        0.3848826428427872,
        0.38245551604346545,
        0.37981336955744294,
        0.36852874700827665,
        0.3736473806921139,
        0.36724979715050693,
        0.3685777193883189,
        0.3564645155976386,
        0.34797118952274575,
        0.3471508560847675,
        0.3400401549449966,
        0.33592907114562565,
        0.3281444439425594,
        0.32489034286341656,
        0.32639242762412035,
        0.3154922354013685,
        0.324503631960697,
        0.3181681954437549,
        0.3178132738026613,
        0.3053044253921172,
        0.30081939494746185,
        0.299590047140571,
        0.30881313758909,
        0.2906393390971204,
        0.2862249581006471,
        0.2933606295609711,
        0.28789453308402924,
        0.2756430770234523,
        0.27601564129717593,
        0.27601084160939315,
        0.2766589181223759,
        0.27223236391115896,
        0.270835814895504,
        0.2697611470180693,
        0.2640674413511141,
        0.2589133132262127,
        0.25440393619264523,
        0.2552468802797191,
        0.25583513844038436,
        0.2567276929686555,
        0.25183790080700863,
        0.2447226567544866,
        0.24553203725595926,
        0.24230935551055258,
        0.2343454416671434,
        0.23759506169293573,
        0.23329174989134827,
        0.23966967301711836,
        0.2376750379504678,
        0.22980046196129592,
        0.2254145575847781,
        0.22905006669341416,
        0.22656011063332931,
        0.22207989008931556,
        0.2293167908586598,
        0.22279811590158938,
        0.22360176905008408,
        0.21475410519779073,
        0.21309341670107354,
        0.2140107495148974,
        0.21370243630227,
        0.20918711503899,
        0.2093104154307316,
        0.21502315022319843,
        0.20725133774070614,
        0.20245404241809825,
        0.2024798637032488,
        0.2074247387961127,
        0.20162879543886322,
        0.20320766536749268,
        0.19478783326053517,
        0.19528173021740508,
        0.2036269244483269,
        0.20527530271468272,
        0.1925668055368641,
        0.18986950728244165,
        0.19040966755985458,
        0.19204756505748288,
        0.18671986403565372,
        0.18818714442532922,
        0.18959850497684683,
        0.18941491467220695,
        0.185946588956538,
        0.18182839531787057,
        0.18243090091909753,
        0.17808805231956126,
        0.1794097257759719,
        0.1818076201805686,
        0.18098469182541738,
        0.18388539786556088,
        0.18102100285585432,
        0.1820908353198206,
        0.17807162097684698,
        0.17470198620341895,
        0.17658586872501963,
        0.1718389862836048,
        0.1702617926897494,
        0.17157445367168134,
        0.1720543746890782,
        0.16556423228689926,
        0.17208938522686187,
        0.16502927251641036,
        0.17088342374442456,
        0.1654646390459135,
        0.16451106226594914,
        0.16369382873786134,
        0.16409191824515143,
        0.16508679381637884,
        0.16104622536579888,
        0.16737698213071536,
        0.16309691601244772,
        0.16094756955455916,
        0.16077058238463135,
        0.1587132032673277,
        0.1553891581950731,
        0.15782601688250666,
        0.15631622341372461,
        0.15767081353371334,
        0.15753228430936378,
        0.15449714803372766,
        0.15653075899114086,
        0.1633270200777039,
        0.15845163627097456,
        0.15208127430184157,
        0.15064662735151313,
        0.15029444307589307,
        0.14916323907220339,
        0.14694244426170688,
        0.15050808095367035,
        0.1503217953064175,
        0.1442035800992082,
        0.14767258747244455,
        0.14863869384752393,
        0.15068502090387262,
        0.14485843124955083,
        0.143662800311563,
        0.14394269666065604,
        0.14516720597091598,
        0.14329474392434283,
        0.14020593690084165,
        0.1426197739504854,
        0.141175587492772,
        0.13871623028767743,
        0.14316076169193737,
        0.13947728093759312,
        0.14353969134540648,
        0.14138330945043642,
        0.13667702022915637,
        0.13706283862596608,
        0.13783502372027603,
        0.13312122153392286,
        0.13603873413158096,
        0.13887996177097153,
        0.1360502082447144,
        0.13320894175768272,
        0.13213621875480383,
        0.13513118324661294,
